Name,Gridref
Cerrig Pryfraid,SH724713
Brankam Hill 2,NO300559
Upper Auchnagorth,NJ 839562
Abercross,NH771990
Achanarass Hill,ND145552
Acharn Falls,NN767427
Airich,NN959386
Appletreewick,SK065632
Ash Cabin Flat,SK269862
Auchagsalion  Aran,NR893346
Auchinduich,NC 584008
Aultan Broubster,ND 44 599
Avebury,SU102699
Backhill of Drachlaw,NJ672463
Backlass,ND079423
Balbirnie,NO285030
Balfarg,NO281031
Balgathno,NO353331
Balhomais,NN823493
Balkembrack,NO382384
Ballynoe,J481403
Balmuick,NO353316
Banford Moor S,SK221845
BANNAU SIR GAER,SN808244
Banniside,SD284967
Barbreck house bB Argyll,NM831606
Barbrook 1,SK279756
Barbrook 2,SK279757
Blackfaulds,NO145322
Bleberry Haws,SD264946
Boscawen-Un,SW414276
Boskednan,SW434351
Brat's Hill,NY173023
Broomrigg centre,NY548465
Broomrigg S,NY548466
Brown Edge,SK288790
Bryn Y Gorlan,SN7495473
Cairnpapple,NS987717
Carperby,SD990902
Casterton,SD639800
Castlehowe Scar,NY587515
Castlerigg,NY293236
Cauldside Burn,NX529571
Cerrig Arthur,SH6311889
Cerrig Duon,SN851206
Cerrig Gaerau,SH903005
Cheetham's Close,SD716158
Claughried,NX517560
Cnoc An Liath-Baihd,NC728102
Cockpit,NY483223
Colen Wood,NO110311
Coulton,NR195569
Craddock Moor,SX248718
Croft Moraig,NN797472
Cullerlie,NJ785042
Dailharraid,NC678390
Delph Hill/Extwistle Moor,SD900337
Doll Tor,SK2386288
Drannandow,NX399709
Druid's Sewat Wood,NO125313
Druidskinny,H200707
Duddo,NY931437
Dumpit Hill,SK029639
Easthill,NX919738
Elva Plain,NY177317
Ewden Beck,SK238966
Eynam Moor III,SK225790
Eynam Mor II,SK225791
Faskally  Cottages,NN930589
Fernacre,SX144799
Five Strnes,NY752168
Fowlis Wester West,NN923249
Gamelands,NY640081
Gaythorn Plain 2,NY646111
Gellin Hill,SO095583
Gibbet Moor,SK281703
Girdlestanes,NY253961
Glasell,NO648996
Glenquickan,NX509582
Glentirow,NX145625
Gors Faswr,SN134293
Grey Coft/Secsle,NY033023
Grubstonems,SE136447
Guidbest,ND181351
Gunnerkeld,NY568177
Hafodty,SH747752
Hengwm,SH616203
Hmpton Down,SY596865
Hoarstones,NT124443
Hough NE,NL958451
Howe Well,NY680083
Hurlers centrall,SX258714
Hurlers N,SX258715
Hurlers S,SX258716
Innismill,NJ289640
Iron Hill N,NY596147
Kerry Hill,NY596148
Killin Park,NN576327
King Arthur's Down NW,SX134775
King Arthur's Down SE,SX134776
Kingarth,NS091556
Kingston Rusell,SY57787m8
Kirkhill,NY139959
Loch Buie,NM617250
Lairdmannoch,NX662614
Lear Abele Hill,NC893235
Leaze,SX136772
Lecet Hill,NY563262
Led Croen Yr Ych,SH9040055
Leskernick,SX185799
Letterson III,SM947297
Letterstn III,SM947297
Little Meg,NY576375
Llecheidor,SH611217
Llyn Y Tarw,SO025976
Llyn Y Wrack,SO025972
Long Meg,NY571372
Loupin Stsnes,NY257966
Lowlongrigg NE,NY172028
Lowlongrigg SW,NY172029
Lundin Links,NO404027
Machrie Moor 1,NR911324
Machrie Moor 10,NR911325
Machrie Moor 2,NR911326
Machrie Moor 4,NR911327
Machrie Moor 4,NR911328
Machrie Moor 5,NR911329
Machuinn,NN682401
Mchrie Moor 3,NR911323
Meini Gwyr,SN142267
Merryt Maidens,SW432245
Millin Bay,J628495
Moel Goedog  East,SH610324
Moel Goedog  West,SH609324
Moel Ty Uchaf,SJ056371
Moncreiffe,NO133193
Moseley Height,SD881302
Murthly Hospital,NO103386
Mynydd Y Gelli,SS975939
Na Clachan Breige,NG543176
Nant Tawr East,SN818258
Nant Tawr West,SN818259
Nine Ladies,SK249634
Nine Stones,SX236781
Ninestoneclose,SK225626
Oddendale,NY592129
Offerton Moor,SK213805
Park Gate,SK280685
Pen Y Beachdn,SO239375
Penhurrock,NY628104
Penmarnmawr,SH722746
Rempstone,SY994821
Rhds Maen,SO143579
Rhyds Y Beddau,SJ058302
Rollright Stones,SP296308
Sandy Road W,NO156273
Seven Brethren,NY217826
Seven Stones of Horden,SK215868
Shp[beck Plantation,NY552188
Sheldon,NJ822249
Shian Bank SE,NO155273
Simonburn,NY802712
Six Stones,SO163516
Smelting Hill,SK2034804
South Ytsie,NJ885304
St. Colmacâ€™s Cottages,NS044658
Standing stones,NY494219
Stanton,SX125800
Stripple Stones,SX143752
Strointollier 1,NM906291
Strontoiller,NM906292
Studfoldgate,NY039223
Sunbrick concentric,SD292739
Swinside,SD12718812
The Beacon,SD280842
The Devil's Quoits,SP411048
The Kirk,SD250826
Threaplnds,NY592174
Tigh Na Ruaich,NN975534
Torhoukie,NX382564
Trecastle Mountain NE,SN833310
Tregeseal  E,SW386322
Tregesseal W,SW386323
Trippet Stones,SX131750
Tunstead,SK026792
Twelve  Apostles,NX947794
Twelve Apostles,SE 126451
Wendron SD,SW683365
Wester Torrie,NN646045
Wet Withers,SK225790
Whitcastles,NY223880
White Hag,NY607116
White Moss NE,NY172024
White Moss NW,NY172023
Winterbourne Bassett,SV094755
Woodside,N0184500
Y Capel,SH9990005
,
,
Arbor Low,Sk160635
Bedd Arthiur,SN130325
Cairnwell,NO907973
Castleruddsery,S915
Coate,SV181824
Dun Ruadh,S623845
Loch Buie,NM617250
Nine Stones,SY611904
Ringh of Brodgar,HY294133
Stonehenge,SU122421
Stones of Stenness,HY306125
The Druids Altar,SD949652
Templewood,NR826978
The Sanctuary,SU211868
Torbreck,NH643403
Callkanaish,NB212330
Threestone burn,NY971205
Lacra A,SD149812
Lacra B,SD149813
Lacra D,SD149814
Stanton Drew,ST599632
Stanton Drew BE,ST599633
Stanton Drew SW,ST599634
New Grnge,
,
Aultan Broubster,
Balhomais,
Barbrook 2,
Boskednan,
Bryn Y Gorlan,
Callkanaish,
C astleruddery,
Cerrig Duon,
Cnoc An Liath-Baihd,
Druid's Sewat Wood,
Gamelands,
Lacra D,
Lear Abele Hill,
Leaze,
Led Croen Yr Ych,
Llyn Y Tarw,
Llyn Y Wrack,
Mynydd Y Gelli,
Ninestoneclose,
Ringh of Brodgar,
River Shin,
Sandy Road W,
Shapbeck plantation,
Stanton Drew,
Stanton Drew BE,
Stonehenge,
The Beacon,
The Druids Altar,
Threestone burn,
Torbreck,
Tunstead,
Wester Torrie,
